[{"fields": {"name": "finreports"}, "model": "core.apiclass", "pk": 2}, {"fields": {"name": "otask"}, "model": "core.apiclass", "pk": 5}, {"fields": {"name": "mc"}, "model": "core.apiclass", "pk": 4}, {"fields": {"name": "team"}, "model": "core.apiclass", "pk": 7}, {"fields": {"name": "provider"}, "model": "core.apiclass", "pk": 6}, {"fields": {"name": "auth"}, "model": "core.apiclass", "pk": 1}, {"fields": {"name": "time_reports"}, "model": "core.apiclass", "pk": 8}, {"fields": {"name": "hr"}, "model": "core.apiclass", "pk": 3}, {"fields": {"apiclass": 4, "name": "put_threads_starred_or_unstarred"}, "model": "core.apifunction", "pk": 45}, {"fields": {"apiclass": 1, "name": "get_token"}, "model": "core.apifunction", "pk": 3}, {"fields": {"apiclass": 4, "name": "get_trays"}, "model": "core.apifunction", "pk": 38}, {"fields": {"apiclass": 3, "name": "get_offers"}, "model": "core.apifunction", "pk": 27}, {"fields": {"apiclass": 5, "name": "delete_all_company_tasks"}, "model": "core.apifunction", "pk": 49}, {"fields": {"apiclass": 3, "name": "get_company_teams"}, "model": "core.apifunction", "pk": 20}, {"fields": {"apiclass": 5, "name": "update_batch_tasks"}, "model": "core.apifunction", "pk": 70}, {"fields": {"apiclass": 5, "name": "get_team_tasks_full"}, "model": "core.apifunction", "pk": 60}, {"fields": {"apiclass": 4, "name": "put_threads_starred"}, "model": "core.apifunction", "pk": 44}, {"fields": {"apiclass": 1, "name": "revoke_token"}, "model": "core.apifunction", "pk": 4}, {"fields": {"apiclass": 5, "name": "post_user_task"}, "model": "core.apifunction", "pk": 66}, {"fields": {"apiclass": 8, "name": "get_agency_report"}, "model": "core.apifunction", "pk": 78}, {"fields": {"apiclass": 3, "name": "get_jobs"}, "model": "core.apifunction", "pk": 25}, {"fields": {"apiclass": 4, "name": "get_thread_content"}, "model": "core.apifunction", "pk": 36}, {"fields": {"apiclass": 2, "name": "get_provider_teams_earnings"}, "model": "core.apifunction", "pk": 16}, {"fields": {"apiclass": 3, "name": "get_company_users"}, "model": "core.apifunction", "pk": 21}, {"fields": {"apiclass": 4, "name": "put_threads_unstarred"}, "model": "core.apifunction", "pk": 48}, {"fields": {"apiclass": 8, "name": "get_company_report"}, "model": "core.apifunction", "pk": 79}, {"fields": {"apiclass": 5, "name": "delete_all_user_tasks"}, "model": "core.apifunction", "pk": 51}, {"fields": {"apiclass": 3, "name": "get_user_role"}, "model": "core.apifunction", "pk": 34}, {"fields": {"apiclass": 5, "name": "delete_all_team_tasks"}, "model": "core.apifunction", "pk": 50}, {"fields": {"apiclass": 2, "name": "get_provider_billings"}, "model": "core.apifunction", "pk": 11}, {"fields": {"apiclass": 7, "name": "get_snapshots"}, "model": "core.apifunction", "pk": 75}, {"fields": {"apiclass": 5, "name": "get_team_tasks"}, "model": "core.apifunction", "pk": 59}, {"fields": {"apiclass": 3, "name": "get_tasks"}, "model": "core.apifunction", "pk": 28}, {"fields": {"apiclass": 1, "name": "get_frob"}, "model": "core.apifunction", "pk": 2}, {"fields": {"apiclass": 2, "name": "get_buyer_companies_earnings"}, "model": "core.apifunction", "pk": 6}, {"fields": {"apiclass": 5, "name": "post_team_task"}, "model": "core.apifunction", "pk": 65}, {"fields": {"apiclass": 3, "name": "get_engagement"}, "model": "core.apifunction", "pk": 22}, {"fields": {"apiclass": 4, "name": "post_message"}, "model": "core.apifunction", "pk": 39}, {"fields": {"apiclass": 5, "name": "get_user_tasks"}, "model": "core.apifunction", "pk": 62}, {"fields": {"apiclass": 3, "name": "get_user"}, "model": "core.apifunction", "pk": 33}, {"fields": {"apiclass": 2, "name": "get_provider_companies_billings"}, "model": "core.apifunction", "pk": 12}, {"fields": {"apiclass": 3, "name": "post_team_adjustment"}, "model": "core.apifunction", "pk": 35}, {"fields": {"apiclass": 5, "name": "delete_user_task"}, "model": "core.apifunction", "pk": 54}, {"fields": {"apiclass": 7, "name": "get_workdiaries"}, "model": "core.apifunction", "pk": 77}, {"fields": {"apiclass": 3, "name": "get_offer"}, "model": "core.apifunction", "pk": 26}, {"fields": {"apiclass": 3, "name": "get_companies"}, "model": "core.apifunction", "pk": 17}, {"fields": {"apiclass": 5, "name": "get_user_specific_tasks"}, "model": "core.apifunction", "pk": 61}, {"fields": {"apiclass": 5, "name": "delete_team_task"}, "model": "core.apifunction", "pk": 53}, {"fields": {"apiclass": 5, "name": "delete_company_task"}, "model": "core.apifunction", "pk": 52}, {"fields": {"apiclass": 4, "name": "put_threads_read"}, "model": "core.apifunction", "pk": 42}, {"fields": {"apiclass": 5, "name": "get_company_tasks"}, "model": "core.apifunction", "pk": 56}, {"fields": {"apiclass": 3, "name": "get_company"}, "model": "core.apifunction", "pk": 18}, {"fields": {"apiclass": 5, "name": "get_team_specific_tasks"}, "model": "core.apifunction", "pk": 58}, {"fields": {"apiclass": 1, "name": "check_token"}, "model": "core.apifunction", "pk": 1}, {"fields": {"apiclass": 2, "name": "get_provider_companies_earnings"}, "model": "core.apifunction", "pk": 13}, {"fields": {"apiclass": 3, "name": "get_team_users"}, "model": "core.apifunction", "pk": 31}, {"fields": {"apiclass": 6, "name": "get_jobs"}, "model": "core.apifunction", "pk": 71}, {"fields": {"apiclass": 3, "name": "get_company_tasks"}, "model": "core.apifunction", "pk": 19}, {"fields": {"apiclass": 6, "name": "get_provider"}, "model": "core.apifunction", "pk": 72}, {"fields": {"apiclass": 3, "name": "get_job"}, "model": "core.apifunction", "pk": 24}, {"fields": {"apiclass": 4, "name": "put_threads_undeleted"}, "model": "core.apifunction", "pk": 46}, {"fields": {"apiclass": 3, "name": "get_engagements"}, "model": "core.apifunction", "pk": 23}, {"fields": {"apiclass": 2, "name": "get_buyer_companies_billings"}, "model": "core.apifunction", "pk": 5}, {"fields": {"apiclass": 3, "name": "get_teams"}, "model": "core.apifunction", "pk": 32}, {"fields": {"apiclass": 4, "name": "get_tray_content"}, "model": "core.apifunction", "pk": 37}, {"fields": {"apiclass": 4, "name": "put_threads_deleted_or_undeleted"}, "model": "core.apifunction", "pk": 41}, {"fields": {"apiclass": 4, "name": "put_threads_deleted"}, "model": "core.apifunction", "pk": 40}, {"fields": {"apiclass": 3, "name": "get_team"}, "model": "core.apifunction", "pk": 29}, {"fields": {"apiclass": 7, "name": "get_teamrooms"}, "model": "core.apifunction", "pk": 76}, {"fields": {"apiclass": 6, "name": "get_providers"}, "model": "core.apifunction", "pk": 74}, {"fields": {"apiclass": 2, "name": "get_buyer_teams_earnings"}, "model": "core.apifunction", "pk": 8}, {"fields": {"apiclass": 6, "name": "get_provider_brief"}, "model": "core.apifunction", "pk": 73}, {"fields": {"apiclass": 8, "name": "get_provider_report"}, "model": "core.apifunction", "pk": 80}, {"fields": {"apiclass": 2, "name": "get_financial_entities_provider"}, "model": "core.apifunction", "pk": 10}, {"fields": {"apiclass": 5, "name": "put_user_task"}, "model": "core.apifunction", "pk": 69}, {"fields": {"apiclass": 2, "name": "get_provider_teams_billings"}, "model": "core.apifunction", "pk": 15}, {"fields": {"apiclass": 5, "name": "get_user_tasks_full"}, "model": "core.apifunction", "pk": 63}, {"fields": {"apiclass": 3, "name": "get_team_tasks"}, "model": "core.apifunction", "pk": 30}, {"fields": {"apiclass": 5, "name": "put_team_task"}, "model": "core.apifunction", "pk": 68}, {"fields": {"apiclass": 5, "name": "get_company_tasks_full"}, "model": "core.apifunction", "pk": 57}, {"fields": {"apiclass": 2, "name": "get_financial_entities"}, "model": "core.apifunction", "pk": 9}, {"fields": {"apiclass": 5, "name": "get_company_specific_tasks"}, "model": "core.apifunction", "pk": 55}, {"fields": {"apiclass": 5, "name": "post_company_task"}, "model": "core.apifunction", "pk": 64}, {"fields": {"apiclass": 2, "name": "get_buyer_teams_billings"}, "model": "core.apifunction", "pk": 7}, {"fields": {"apiclass": 4, "name": "put_threads_unread"}, "model": "core.apifunction", "pk": 47}, {"fields": {"apiclass": 2, "name": "get_provider_earnings"}, "model": "core.apifunction", "pk": 14}, {"fields": {"apiclass": 4, "name": "put_threads_read_unread"}, "model": "core.apifunction", "pk": 43}, {"fields": {"apiclass": 5, "name": "put_company_task"}, "model": "core.apifunction", "pk": 67}, {"fields": {"default_value": "", "apifunction": 3, "name": "frob"}, "model": "core.apiparam", "pk": 1}, {"fields": {"default_value": "", "apifunction": 5, "name": "query"}, "model": "core.apiparam", "pk": 2}, {"fields": {"default_value": "", "apifunction": 5, "name": "buyer_company_id"}, "model": "core.apiparam", "pk": 3}, {"fields": {"default_value": "", "apifunction": 6, "name": "query"}, "model": "core.apiparam", "pk": 4}, {"fields": {"default_value": "", "apifunction": 6, "name": "buyer_company_id"}, "model": "core.apiparam", "pk": 5}, {"fields": {"default_value": "", "apifunction": 7, "name": "query"}, "model": "core.apiparam", "pk": 6}, {"fields": {"default_value": "", "apifunction": 7, "name": "buyer_team_id"}, "model": "core.apiparam", "pk": 7}, {"fields": {"default_value": "", "apifunction": 8, "name": "query"}, "model": "core.apiparam", "pk": 8}, {"fields": {"default_value": "", "apifunction": 8, "name": "buyer_team_id"}, "model": "core.apiparam", "pk": 9}, {"fields": {"default_value": "", "apifunction": 9, "name": "query"}, "model": "core.apiparam", "pk": 10}, {"fields": {"default_value": "", "apifunction": 9, "name": "accounting_id"}, "model": "core.apiparam", "pk": 11}, {"fields": {"default_value": "", "apifunction": 10, "name": "query"}, "model": "core.apiparam", "pk": 12}, {"fields": {"default_value": "", "apifunction": 10, "name": "provider_id"}, "model": "core.apiparam", "pk": 13}, {"fields": {"default_value": "", "apifunction": 11, "name": "query"}, "model": "core.apiparam", "pk": 14}, {"fields": {"default_value": "", "apifunction": 11, "name": "provider_id"}, "model": "core.apiparam", "pk": 15}, {"fields": {"default_value": "", "apifunction": 12, "name": "query"}, "model": "core.apiparam", "pk": 16}, {"fields": {"default_value": "", "apifunction": 12, "name": "provider_company_id"}, "model": "core.apiparam", "pk": 17}, {"fields": {"default_value": "", "apifunction": 13, "name": "query"}, "model": "core.apiparam", "pk": 18}, {"fields": {"default_value": "", "apifunction": 13, "name": "provider_company_id"}, "model": "core.apiparam", "pk": 19}, {"fields": {"default_value": "", "apifunction": 14, "name": "query"}, "model": "core.apiparam", "pk": 20}, {"fields": {"default_value": "", "apifunction": 14, "name": "provider_id"}, "model": "core.apiparam", "pk": 21}, {"fields": {"default_value": "", "apifunction": 15, "name": "query"}, "model": "core.apiparam", "pk": 22}, {"fields": {"default_value": "", "apifunction": 15, "name": "provider_team_id"}, "model": "core.apiparam", "pk": 23}, {"fields": {"default_value": "", "apifunction": 16, "name": "query"}, "model": "core.apiparam", "pk": 24}, {"fields": {"default_value": "", "apifunction": 16, "name": "provider_team_id"}, "model": "core.apiparam", "pk": 25}, {"fields": {"default_value": "", "apifunction": 18, "name": "company_id"}, "model": "core.apiparam", "pk": 26}, {"fields": {"default_value": "", "apifunction": 19, "name": "company_id"}, "model": "core.apiparam", "pk": 27}, {"fields": {"default_value": "", "apifunction": 20, "name": "company_id"}, "model": "core.apiparam", "pk": 28}, {"fields": {"default_value": "True", "apifunction": 21, "name": "active"}, "model": "core.apiparam", "pk": 29}, {"fields": {"default_value": "", "apifunction": 21, "name": "company_id"}, "model": "core.apiparam", "pk": 30}, {"fields": {"default_value": "", "apifunction": 22, "name": "engagement_id"}, "model": "core.apiparam", "pk": 31}, {"fields": {"default_value": "", "apifunction": 24, "name": "job_id"}, "model": "core.apiparam", "pk": 32}, {"fields": {"default_value": "", "apifunction": 26, "name": "offer_id"}, "model": "core.apiparam", "pk": 33}, {"fields": {"default_value": "False", "apifunction": 29, "name": "include_users"}, "model": "core.apiparam", "pk": 34}, {"fields": {"default_value": "", "apifunction": 29, "name": "team_id"}, "model": "core.apiparam", "pk": 35}, {"fields": {"default_value": "", "apifunction": 30, "name": "team_id"}, "model": "core.apiparam", "pk": 36}, {"fields": {"default_value": "True", "apifunction": 31, "name": "active"}, "model": "core.apiparam", "pk": 37}, {"fields": {"default_value": "", "apifunction": 31, "name": "team_id"}, "model": "core.apiparam", "pk": 38}, {"fields": {"default_value": "", "apifunction": 33, "name": "user_id"}, "model": "core.apiparam", "pk": 39}, {"fields": {"default_value": "False", "apifunction": 34, "name": "sub_teams"}, "model": "core.apiparam", "pk": 40}, {"fields": {"default_value": "None", "apifunction": 34, "name": "team_id"}, "model": "core.apiparam", "pk": 41}, {"fields": {"default_value": "None", "apifunction": 34, "name": "user_id"}, "model": "core.apiparam", "pk": 42}, {"fields": {"default_value": "", "apifunction": 35, "name": "notes"}, "model": "core.apiparam", "pk": 43}, {"fields": {"default_value": "", "apifunction": 35, "name": "comments"}, "model": "core.apiparam", "pk": 44}, {"fields": {"default_value": "", "apifunction": 35, "name": "amount"}, "model": "core.apiparam", "pk": 45}, {"fields": {"default_value": "", "apifunction": 35, "name": "engagement_id"}, "model": "core.apiparam", "pk": 46}, {"fields": {"default_value": "", "apifunction": 35, "name": "team_id"}, "model": "core.apiparam", "pk": 47}, {"fields": {"default_value": "20", "apifunction": 36, "name": "paging_count"}, "model": "core.apiparam", "pk": 48}, {"fields": {"default_value": "0", "apifunction": 36, "name": "paging_offset"}, "model": "core.apiparam", "pk": 49}, {"fields": {"default_value": "", "apifunction": 36, "name": "thread_id"}, "model": "core.apiparam", "pk": 50}, {"fields": {"default_value": "", "apifunction": 36, "name": "username"}, "model": "core.apiparam", "pk": 51}, {"fields": {"default_value": "20", "apifunction": 37, "name": "paging_count"}, "model": "core.apiparam", "pk": 52}, {"fields": {"default_value": "0", "apifunction": 37, "name": "paging_offset"}, "model": "core.apiparam", "pk": 53}, {"fields": {"default_value": "", "apifunction": 37, "name": "tray"}, "model": "core.apiparam", "pk": 54}, {"fields": {"default_value": "", "apifunction": 37, "name": "username"}, "model": "core.apiparam", "pk": 55}, {"fields": {"default_value": "20", "apifunction": 38, "name": "paging_count"}, "model": "core.apiparam", "pk": 56}, {"fields": {"default_value": "0", "apifunction": 38, "name": "paging_offset"}, "model": "core.apiparam", "pk": 57}, {"fields": {"default_value": "None", "apifunction": 38, "name": "username"}, "model": "core.apiparam", "pk": 58}, {"fields": {"default_value": "None", "apifunction": 39, "name": "thread_id"}, "model": "core.apiparam", "pk": 59}, {"fields": {"default_value": "", "apifunction": 39, "name": "body"}, "model": "core.apiparam", "pk": 60}, {"fields": {"default_value": "", "apifunction": 39, "name": "subject"}, "model": "core.apiparam", "pk": 61}, {"fields": {"default_value": "", "apifunction": 39, "name": "recipients"}, "model": "core.apiparam", "pk": 62}, {"fields": {"default_value": "", "apifunction": 39, "name": "username"}, "model": "core.apiparam", "pk": 63}, {"fields": {"default_value": "", "apifunction": 40, "name": "thread_ids"}, "model": "core.apiparam", "pk": 64}, {"fields": {"default_value": "", "apifunction": 40, "name": "username"}, "model": "core.apiparam", "pk": 65}, {"fields": {"default_value": "True", "apifunction": 41, "name": "deleted"}, "model": "core.apiparam", "pk": 66}, {"fields": {"default_value": "", "apifunction": 41, "name": "thread_ids"}, "model": "core.apiparam", "pk": 67}, {"fields": {"default_value": "", "apifunction": 41, "name": "username"}, "model": "core.apiparam", "pk": 68}, {"fields": {"default_value": "", "apifunction": 42, "name": "thread_ids"}, "model": "core.apiparam", "pk": 69}, {"fields": {"default_value": "", "apifunction": 42, "name": "username"}, "model": "core.apiparam", "pk": 70}, {"fields": {"default_value": "True", "apifunction": 43, "name": "read"}, "model": "core.apiparam", "pk": 71}, {"fields": {"default_value": "", "apifunction": 43, "name": "thread_ids"}, "model": "core.apiparam", "pk": 72}, {"fields": {"default_value": "", "apifunction": 43, "name": "username"}, "model": "core.apiparam", "pk": 73}, {"fields": {"default_value": "", "apifunction": 44, "name": "thread_ids"}, "model": "core.apiparam", "pk": 74}, {"fields": {"default_value": "", "apifunction": 44, "name": "username"}, "model": "core.apiparam", "pk": 75}, {"fields": {"default_value": "True", "apifunction": 45, "name": "starred"}, "model": "core.apiparam", "pk": 76}, {"fields": {"default_value": "", "apifunction": 45, "name": "thread_ids"}, "model": "core.apiparam", "pk": 77}, {"fields": {"default_value": "", "apifunction": 45, "name": "username"}, "model": "core.apiparam", "pk": 78}, {"fields": {"default_value": "", "apifunction": 46, "name": "thread_ids"}, "model": "core.apiparam", "pk": 79}, {"fields": {"default_value": "", "apifunction": 46, "name": "username"}, "model": "core.apiparam", "pk": 80}, {"fields": {"default_value": "", "apifunction": 47, "name": "thread_ids"}, "model": "core.apiparam", "pk": 81}, {"fields": {"default_value": "", "apifunction": 47, "name": "username"}, "model": "core.apiparam", "pk": 82}, {"fields": {"default_value": "", "apifunction": 48, "name": "thread_ids"}, "model": "core.apiparam", "pk": 83}, {"fields": {"default_value": "", "apifunction": 48, "name": "username"}, "model": "core.apiparam", "pk": 84}, {"fields": {"default_value": "", "apifunction": 49, "name": "company_id"}, "model": "core.apiparam", "pk": 85}, {"fields": {"default_value": "", "apifunction": 50, "name": "team_id"}, "model": "core.apiparam", "pk": 86}, {"fields": {"default_value": "", "apifunction": 50, "name": "company_id"}, "model": "core.apiparam", "pk": 87}, {"fields": {"default_value": "", "apifunction": 51, "name": "user_id"}, "model": "core.apiparam", "pk": 88}, {"fields": {"default_value": "", "apifunction": 51, "name": "team_id"}, "model": "core.apiparam", "pk": 89}, {"fields": {"default_value": "", "apifunction": 51, "name": "company_id"}, "model": "core.apiparam", "pk": 90}, {"fields": {"default_value": "", "apifunction": 52, "name": "task_codes"}, "model": "core.apiparam", "pk": 91}, {"fields": {"default_value": "", "apifunction": 52, "name": "company_id"}, "model": "core.apiparam", "pk": 92}, {"fields": {"default_value": "", "apifunction": 53, "name": "task_codes"}, "model": "core.apiparam", "pk": 93}, {"fields": {"default_value": "", "apifunction": 53, "name": "team_id"}, "model": "core.apiparam", "pk": 94}, {"fields": {"default_value": "", "apifunction": 53, "name": "company_id"}, "model": "core.apiparam", "pk": 95}, {"fields": {"default_value": "", "apifunction": 54, "name": "task_codes"}, "model": "core.apiparam", "pk": 96}, {"fields": {"default_value": "", "apifunction": 54, "name": "user_id"}, "model": "core.apiparam", "pk": 97}, {"fields": {"default_value": "", "apifunction": 54, "name": "team_id"}, "model": "core.apiparam", "pk": 98}, {"fields": {"default_value": "", "apifunction": 54, "name": "company_id"}, "model": "core.apiparam", "pk": 99}, {"fields": {"default_value": "", "apifunction": 55, "name": "task_codes"}, "model": "core.apiparam", "pk": 100}, {"fields": {"default_value": "", "apifunction": 55, "name": "company_id"}, "model": "core.apiparam", "pk": 101}, {"fields": {"default_value": "", "apifunction": 56, "name": "company_id"}, "model": "core.apiparam", "pk": 102}, {"fields": {"default_value": "", "apifunction": 57, "name": "company_id"}, "model": "core.apiparam", "pk": 103}, {"fields": {"default_value": "", "apifunction": 58, "name": "task_codes"}, "model": "core.apiparam", "pk": 104}, {"fields": {"default_value": "", "apifunction": 58, "name": "team_id"}, "model": "core.apiparam", "pk": 105}, {"fields": {"default_value": "", "apifunction": 58, "name": "company_id"}, "model": "core.apiparam", "pk": 106}, {"fields": {"default_value": "", "apifunction": 59, "name": "team_id"}, "model": "core.apiparam", "pk": 107}, {"fields": {"default_value": "", "apifunction": 59, "name": "company_id"}, "model": "core.apiparam", "pk": 108}, {"fields": {"default_value": "", "apifunction": 60, "name": "team_id"}, "model": "core.apiparam", "pk": 109}, {"fields": {"default_value": "", "apifunction": 60, "name": "company_id"}, "model": "core.apiparam", "pk": 110}, {"fields": {"default_value": "", "apifunction": 61, "name": "task_codes"}, "model": "core.apiparam", "pk": 111}, {"fields": {"default_value": "", "apifunction": 61, "name": "user_id"}, "model": "core.apiparam", "pk": 112}, {"fields": {"default_value": "", "apifunction": 61, "name": "team_id"}, "model": "core.apiparam", "pk": 113}, {"fields": {"default_value": "", "apifunction": 61, "name": "company_id"}, "model": "core.apiparam", "pk": 114}, {"fields": {"default_value": "", "apifunction": 62, "name": "user_id"}, "model": "core.apiparam", "pk": 115}, {"fields": {"default_value": "", "apifunction": 62, "name": "team_id"}, "model": "core.apiparam", "pk": 116}, {"fields": {"default_value": "", "apifunction": 62, "name": "company_id"}, "model": "core.apiparam", "pk": 117}, {"fields": {"default_value": "", "apifunction": 63, "name": "user_id"}, "model": "core.apiparam", "pk": 118}, {"fields": {"default_value": "", "apifunction": 63, "name": "team_id"}, "model": "core.apiparam", "pk": 119}, {"fields": {"default_value": "", "apifunction": 63, "name": "company_id"}, "model": "core.apiparam", "pk": 120}, {"fields": {"default_value": "", "apifunction": 64, "name": "url"}, "model": "core.apiparam", "pk": 121}, {"fields": {"default_value": "", "apifunction": 64, "name": "description"}, "model": "core.apiparam", "pk": 122}, {"fields": {"default_value": "", "apifunction": 64, "name": "code"}, "model": "core.apiparam", "pk": 123}, {"fields": {"default_value": "", "apifunction": 64, "name": "company_id"}, "model": "core.apiparam", "pk": 124}, {"fields": {"default_value": "", "apifunction": 65, "name": "url"}, "model": "core.apiparam", "pk": 125}, {"fields": {"default_value": "", "apifunction": 65, "name": "description"}, "model": "core.apiparam", "pk": 126}, {"fields": {"default_value": "", "apifunction": 65, "name": "code"}, "model": "core.apiparam", "pk": 127}, {"fields": {"default_value": "", "apifunction": 65, "name": "team_id"}, "model": "core.apiparam", "pk": 128}, {"fields": {"default_value": "", "apifunction": 65, "name": "company_id"}, "model": "core.apiparam", "pk": 129}, {"fields": {"default_value": "", "apifunction": 66, "name": "url"}, "model": "core.apiparam", "pk": 130}, {"fields": {"default_value": "", "apifunction": 66, "name": "description"}, "model": "core.apiparam", "pk": 131}, {"fields": {"default_value": "", "apifunction": 66, "name": "code"}, "model": "core.apiparam", "pk": 132}, {"fields": {"default_value": "", "apifunction": 66, "name": "user_id"}, "model": "core.apiparam", "pk": 133}, {"fields": {"default_value": "", "apifunction": 66, "name": "team_id"}, "model": "core.apiparam", "pk": 134}, {"fields": {"default_value": "", "apifunction": 66, "name": "company_id"}, "model": "core.apiparam", "pk": 135}, {"fields": {"default_value": "", "apifunction": 67, "name": "url"}, "model": "core.apiparam", "pk": 136}, {"fields": {"default_value": "", "apifunction": 67, "name": "description"}, "model": "core.apiparam", "pk": 137}, {"fields": {"default_value": "", "apifunction": 67, "name": "code"}, "model": "core.apiparam", "pk": 138}, {"fields": {"default_value": "", "apifunction": 67, "name": "company_id"}, "model": "core.apiparam", "pk": 139}, {"fields": {"default_value": "", "apifunction": 68, "name": "url"}, "model": "core.apiparam", "pk": 140}, {"fields": {"default_value": "", "apifunction": 68, "name": "description"}, "model": "core.apiparam", "pk": 141}, {"fields": {"default_value": "", "apifunction": 68, "name": "code"}, "model": "core.apiparam", "pk": 142}, {"fields": {"default_value": "", "apifunction": 68, "name": "team_id"}, "model": "core.apiparam", "pk": 143}, {"fields": {"default_value": "", "apifunction": 68, "name": "company_id"}, "model": "core.apiparam", "pk": 144}, {"fields": {"default_value": "", "apifunction": 69, "name": "url"}, "model": "core.apiparam", "pk": 145}, {"fields": {"default_value": "", "apifunction": 69, "name": "description"}, "model": "core.apiparam", "pk": 146}, {"fields": {"default_value": "", "apifunction": 69, "name": "code"}, "model": "core.apiparam", "pk": 147}, {"fields": {"default_value": "", "apifunction": 69, "name": "user_id"}, "model": "core.apiparam", "pk": 148}, {"fields": {"default_value": "", "apifunction": 69, "name": "team_id"}, "model": "core.apiparam", "pk": 149}, {"fields": {"default_value": "", "apifunction": 69, "name": "company_id"}, "model": "core.apiparam", "pk": 150}, {"fields": {"default_value": "", "apifunction": 70, "name": "csv_data"}, "model": "core.apiparam", "pk": 151}, {"fields": {"default_value": "", "apifunction": 70, "name": "company_id"}, "model": "core.apiparam", "pk": 152}, {"fields": {"default_value": "{}", "apifunction": 71, "name": "data"}, "model": "core.apiparam", "pk": 153}, {"fields": {"default_value": "", "apifunction": 72, "name": "provider_ciphertext"}, "model": "core.apiparam", "pk": 154}, {"fields": {"default_value": "", "apifunction": 73, "name": "provider_ciphertext"}, "model": "core.apiparam", "pk": 155}, {"fields": {"default_value": "{}", "apifunction": 74, "name": "data"}, "model": "core.apiparam", "pk": 156}, {"fields": {"default_value": "now", "apifunction": 75, "name": "online"}, "model": "core.apiparam", "pk": 157}, {"fields": {"default_value": "", "apifunction": 75, "name": "team_id"}, "model": "core.apiparam", "pk": 158}, {"fields": {"default_value": "None", "apifunction": 77, "name": "date"}, "model": "core.apiparam", "pk": 159}, {"fields": {"default_value": "", "apifunction": 77, "name": "username"}, "model": "core.apiparam", "pk": 160}, {"fields": {"default_value": "", "apifunction": 77, "name": "team_id"}, "model": "core.apiparam", "pk": 161}, {"fields": {"default_value": "False", "apifunction": 78, "name": "hours"}, "model": "core.apiparam", "pk": 162}, {"fields": {"default_value": "", "apifunction": 78, "name": "query"}, "model": "core.apiparam", "pk": 163}, {"fields": {"default_value": "", "apifunction": 78, "name": "agency_id"}, "model": "core.apiparam", "pk": 164}, {"fields": {"default_value": "", "apifunction": 78, "name": "company_id"}, "model": "core.apiparam", "pk": 165}, {"fields": {"default_value": "False", "apifunction": 79, "name": "hours"}, "model": "core.apiparam", "pk": 166}, {"fields": {"default_value": "", "apifunction": 79, "name": "query"}, "model": "core.apiparam", "pk": 167}, {"fields": {"default_value": "", "apifunction": 79, "name": "company_id"}, "model": "core.apiparam", "pk": 168}, {"fields": {"default_value": "False", "apifunction": 80, "name": "hours"}, "model": "core.apiparam", "pk": 169}, {"fields": {"default_value": "", "apifunction": 80, "name": "query"}, "model": "core.apiparam", "pk": 170}, {"fields": {"default_value": "", "apifunction": 80, "name": "provider_id"}, "model": "core.apiparam", "pk": 171}]